﻿PointID,Name,Collection_Serial_Number,Census_Code
15,County of Herefordshire,152,E06000019
21,Shropshire,93,E06000051
29,Shropshire,93,E06000051
49,County of Herefordshire,152,E06000019
71,Wychavon District,216,E07000238
76,City of Wolverhampton District (B),12,E08000031
84,Wychavon District,216,E07000238
86,Bromsgrove District,316,E07000234
96,Wychavon District,216,E07000238
97,Stratford-on-Avon District,307,E07000221
100,Birmingham District (B),7,E08000025
104,East Staffordshire District (B),292,E07000193
116,East Staffordshire District (B),292,E07000193
117,Stratford-on-Avon District,307,E07000221
118,Stratford-on-Avon District,307,E07000221
