﻿PointID,Name,Collection_Serial_Number,Census_Code
12,County of Herefordshire,152,E06000019
21,Shropshire,93,E06000051
22,County of Herefordshire,152,E06000019
38,County of Herefordshire,152,E06000019
43,Telford and Wrekin (B),103,E06000020
47,County of Herefordshire,152,E06000019
48,County of Herefordshire,152,E06000019
80,Stafford District (B),291,E07000197
82,Staffordshire Moorlands District,322,E07000198
87,Birmingham District (B),7,E08000025
92,Stafford District (B),291,E07000197
97,Stratford-on-Avon District,307,E07000221
110,Warwick District,349,E07000222
111,Solihull District (B),31,E08000029
113,Tamworth District (B),294,E07000199
